,micro_f1,acc,prec,rec,cf_mtx,model_name
0,0.037296037296037296,0.18072289156626506,0.8888888888888888,0.01904761904761905,"
[[[477   0]
  [ 21   0]]

 [[471   0]
  [ 27   0]]

 [[494   0]
  [  4   0]]

 [[496   0]
  [  2   0]]

 [[362   1]
  [132   3]]

 [[475   0]
  [ 23   0]]

 [[445   0]
  [ 53   0]]

 [[496   0]
  [  2   0]]

 [[435   0]
  [ 55   8]]

 [[494   0]
  [  4   0]]

 [[462   0]
  [ 36   0]]

 [[355   1]
  [141   1]]

 [[494   0]
  [  4   0]]

 [[448   0]
  [ 50   0]]

 [[474   0]
  [ 24   0]]

 [[460   0]
  [ 38   0]]

 [[384   0]
  [110   4]]

 [[456   0]
  [ 42   0]]

 [[472   0]
  [ 26   0]]

 [[496   0]
  [  2   0]]

 [[491   0]
  [  7   0]]

 [[477   0]
  [ 21   0]]]",xlm-roberta-base
