,micro_f1,acc,prec,rec,cf_mtx,model_name
0,0.3013215859030837,0.18072289156626506,0.5796610169491525,0.20357142857142857,"
[[[471   0]
  [ 27   0]]

 [[438   7]
  [ 50   3]]

 [[324  39]
  [ 95  40]]

 [[496   0]
  [  2   0]]

 [[425  10]
  [ 27  36]]

 [[477   0]
  [ 21   0]]

 [[494   0]
  [  4   0]]

 [[474   0]
  [ 24   0]]

 [[472   0]
  [ 24   2]]

 [[494   0]
  [  4   0]]

 [[491   0]
  [  7   0]]

 [[316  40]
  [ 84  58]]

 [[496   0]
  [  2   0]]

 [[477   0]
  [ 21   0]]

 [[445   3]
  [ 50   0]]

 [[475   0]
  [ 22   1]]

 [[494   0]
  [  4   0]]

 [[453   3]
  [ 39   3]]

 [[496   0]
  [  2   0]]

 [[460   2]
  [ 34   2]]

 [[458   2]
  [ 37   1]]

 [[366  18]
  [ 89  25]]]",xlm-roberta-base
